{
    "_comment_": [
        "Please do not automate the download and installation of Forge.",
        "Our efforts are supported by ads from the download page.",
        "If you MUST automate this, please consider supporting the project through https://www.patreon.com/LexManos/"
    ],
    "id": "1.16.4-forge-35.0.17-mmi",
    "time": "2020-11-14T01:44:00+00:00",
    "releaseTime": "2020-11-14T01:44:00+00:00",
    "type": "release",
    "mainClass": "cpw.mods.modlauncher.Launcher",
    "inheritsFrom": "1.16.4",
    "logging": {
        
    },
    "arguments": {
        "game": [
            "--launchTarget",
            "fmlclient",
            "--fml.forgeVersion",
            "35.0.17",
            "--fml.mcVersion",
            "1.16.4",
            "--fml.forgeGroup",
            "net.minecraftforge",
            "--fml.mcpVersion",
            "20201102.104115"
        ]
    },
    "libraries": [
        {
            "name": "net.minecraftforge:forge:1.16.4-35.0.17",
            "downloads": {
                "artifact": {
                    "path": "net/minecraftforge/forge/1.16.4-35.0.17/forge-1.16.4-35.0.17.jar",
                    "url": "",
                    "sha1": "f049c0d84bb7d90133cbf9b2adc1b1bdc9b14eb6",
                    "size": 208584
                }
            }
        },
        {
            "name": "org.ow2.asm:asm:7.2",
            "downloads": {
                "artifact": {
                    "path": "org/ow2/asm/asm/7.2/asm-7.2.jar",
                    "url": "https://files.minecraftforge.net/maven/org/ow2/asm/asm/7.2/asm-7.2.jar",
                    "sha1": "fa637eb67eb7628c915d73762b681ae7ff0b9731",
                    "size": 114873
                }
            }
        },
        {
            "name": "org.ow2.asm:asm-commons:7.2",
            "downloads": {
                "artifact": {
                    "path": "org/ow2/asm/asm-commons/7.2/asm-commons-7.2.jar",
                    "url": "https://files.minecraftforge.net/maven/org/ow2/asm/asm-commons/7.2/asm-commons-7.2.jar",
                    "sha1": "ca2954e8d92a05bacc28ff465b25c70e0f512497",
                    "size": 70051
                }
            }
        },
        {
            "name": "org.ow2.asm:asm-tree:7.2",
            "downloads": {
                "artifact": {
                    "path": "org/ow2/asm/asm-tree/7.2/asm-tree-7.2.jar",
                    "url": "https://files.minecraftforge.net/maven/org/ow2/asm/asm-tree/7.2/asm-tree-7.2.jar",
                    "sha1": "3a23cc36edaf8fc5a89cb100182758ccb5991487",
                    "size": 50283
                }
            }
        },
        {
            "name": "org.ow2.asm:asm-util:7.2",
            "downloads": {
                "artifact": {
                    "path": "org/ow2/asm/asm-util/7.2/asm-util-7.2.jar",
                    "url": "https://files.minecraftforge.net/maven/org/ow2/asm/asm-util/7.2/asm-util-7.2.jar",
                    "sha1": "a3ae34e57fa8a4040e28247291d0cc3d6b8c7bcf",
                    "size": 80707
                }
            }
        },
        {
            "name": "org.ow2.asm:asm-analysis:7.2",
            "downloads": {
                "artifact": {
                    "path": "org/ow2/asm/asm-analysis/7.2/asm-analysis-7.2.jar",
                    "url": "https://files.minecraftforge.net/maven/org/ow2/asm/asm-analysis/7.2/asm-analysis-7.2.jar",
                    "sha1": "b6e6abe057f23630113f4167c34bda7086691258",
                    "size": 33444
                }
            }
        },
        {
            "name": "cpw.mods:modlauncher:8.0.6",
            "downloads": {
                "artifact": {
                    "path": "cpw/mods/modlauncher/8.0.6/modlauncher-8.0.6.jar",
                    "url": "https://files.minecraftforge.net/maven/cpw/mods/modlauncher/8.0.6/modlauncher-8.0.6.jar",
                    "sha1": "70155a85837ebb17d36815ab4d12a3b464963df8",
                    "size": 126111
                }
            }
        },
        {
            "name": "cpw.mods:grossjava9hacks:1.3.0",
            "downloads": {
                "artifact": {
                    "path": "cpw/mods/grossjava9hacks/1.3.0/grossjava9hacks-1.3.0.jar",
                    "url": "https://files.minecraftforge.net/maven/cpw/mods/grossjava9hacks/1.3.0/grossjava9hacks-1.3.0.jar",
                    "sha1": "1a922de964d0c19d864fbcba2678c1a1c4602c35",
                    "size": 1921
                }
            }
        },
        {
            "name": "net.minecraftforge:accesstransformers:2.2.0-shadowed",
            "downloads": {
                "artifact": {
                    "path": "net/minecraftforge/accesstransformers/2.2.0-shadowed/accesstransformers-2.2.0-shadowed.jar",
                    "url": "https://files.minecraftforge.net/maven/net/minecraftforge/accesstransformers/2.2.0/accesstransformers-2.2.0-shadowed.jar",
                    "sha1": "043c882f4e7e5648acb14c9de8c2eca5f670d2bd",
                    "size": 445030
                }
            }
        },
        {
            "name": "net.minecraftforge:eventbus:3.0.5-service",
            "downloads": {
                "artifact": {
                    "path": "net/minecraftforge/eventbus/3.0.5-service/eventbus-3.0.5-service.jar",
                    "url": "https://files.minecraftforge.net/maven/net/minecraftforge/eventbus/3.0.5/eventbus-3.0.5-service.jar",
                    "sha1": "ddaf05a46ff9e4af845e4b6fc914c0b9f98f28c2",
                    "size": 40979
                }
            }
        },
        {
            "name": "net.minecraftforge:forgespi:3.2.0",
            "downloads": {
                "artifact": {
                    "path": "net/minecraftforge/forgespi/3.2.0/forgespi-3.2.0.jar",
                    "url": "https://files.minecraftforge.net/maven/net/minecraftforge/forgespi/3.2.0/forgespi-3.2.0.jar",
                    "sha1": "0c6ca4e4e4a0343701407c760e642537b613b543",
                    "size": 20172
                }
            }
        },
        {
            "name": "net.minecraftforge:coremods:3.0.0",
            "downloads": {
                "artifact": {
                    "path": "net/minecraftforge/coremods/3.0.0/coremods-3.0.0.jar",
                    "url": "https://files.minecraftforge.net/maven/net/minecraftforge/coremods/3.0.0/coremods-3.0.0.jar",
                    "sha1": "fdf3b62a9a1fbd6a0826190d6d9962d9dd4f0340",
                    "size": 21803
                }
            }
        },
        {
            "name": "net.minecraftforge:unsafe:0.2.0",
            "downloads": {
                "artifact": {
                    "path": "net/minecraftforge/unsafe/0.2.0/unsafe-0.2.0.jar",
                    "url": "https://files.minecraftforge.net/maven/net/minecraftforge/unsafe/0.2.0/unsafe-0.2.0.jar",
                    "sha1": "54d7a0a5e8fdb71b973025caa46f341ae5904f39",
                    "size": 2834
                }
            }
        },
        {
            "name": "com.electronwill.night-config:core:3.6.2",
            "downloads": {
                "artifact": {
                    "path": "com/electronwill/night-config/core/3.6.2/core-3.6.2.jar",
                    "url": "https://files.minecraftforge.net/maven/com/electronwill/night-config/core/3.6.2/core-3.6.2.jar",
                    "sha1": "56f6500038861d4a8832072676da7bf7916217d0",
                    "size": 199091
                }
            }
        },
        {
            "name": "com.electronwill.night-config:toml:3.6.2",
            "downloads": {
                "artifact": {
                    "path": "com/electronwill/night-config/toml/3.6.2/toml-3.6.2.jar",
                    "url": "https://files.minecraftforge.net/maven/com/electronwill/night-config/toml/3.6.2/toml-3.6.2.jar",
                    "sha1": "3ac4263d06433da39a5eee95e2679f1642d921f0",
                    "size": 31152
                }
            }
        },
        {
            "name": "org.jline:jline:3.12.1",
            "downloads": {
                "artifact": {
                    "path": "org/jline/jline/3.12.1/jline-3.12.1.jar",
                    "url": "https://files.minecraftforge.net/maven/org/jline/jline/3.12.1/jline-3.12.1.jar",
                    "sha1": "de2bd909cb9f8eaa741bd03df4a1bd3f6eb593c7",
                    "size": 732926
                }
            }
        },
        {
            "name": "org.apache.maven:maven-artifact:3.6.0",
            "downloads": {
                "artifact": {
                    "path": "org/apache/maven/maven-artifact/3.6.0/maven-artifact-3.6.0.jar",
                    "url": "https://files.minecraftforge.net/maven/org/apache/maven/maven-artifact/3.6.0/maven-artifact-3.6.0.jar",
                    "sha1": "d4c0da647de59c9ccc304a112fe1f1474d49e8eb",
                    "size": 55051
                }
            }
        },
        {
            "name": "net.jodah:typetools:0.8.1",
            "downloads": {
                "artifact": {
                    "path": "net/jodah/typetools/0.8.1/typetools-0.8.1.jar",
                    "url": "https://files.minecraftforge.net/maven/net/jodah/typetools/0.8.1/typetools-0.8.1.jar",
                    "sha1": "d12de898d333cb7eb0e39a35db03c1e09d92d595",
                    "size": 15367
                }
            }
        },
        {
            "name": "org.apache.logging.log4j:log4j-api:2.11.2",
            "downloads": {
                "artifact": {
                    "path": "org/apache/logging/log4j/log4j-api/2.11.2/log4j-api-2.11.2.jar",
                    "url": "https://files.minecraftforge.net/maven/org/apache/logging/log4j/log4j-api/2.11.2/log4j-api-2.11.2.jar",
                    "sha1": "f5e9a2ffca496057d6891a3de65128efc636e26e",
                    "size": 266283
                }
            }
        },
        {
            "name": "org.apache.logging.log4j:log4j-core:2.11.2",
            "downloads": {
                "artifact": {
                    "path": "org/apache/logging/log4j/log4j-core/2.11.2/log4j-core-2.11.2.jar",
                    "url": "https://files.minecraftforge.net/maven/org/apache/logging/log4j/log4j-core/2.11.2/log4j-core-2.11.2.jar",
                    "sha1": "6c2fb3f5b7cd27504726aef1b674b542a0c9cf53",
                    "size": 1629585
                }
            }
        },
        {
            "name": "net.minecrell:terminalconsoleappender:1.2.0",
            "downloads": {
                "artifact": {
                    "path": "net/minecrell/terminalconsoleappender/1.2.0/terminalconsoleappender-1.2.0.jar",
                    "url": "https://files.minecraftforge.net/maven/net/minecrell/terminalconsoleappender/1.2.0/terminalconsoleappender-1.2.0.jar",
                    "sha1": "96d02cd3b384ff015a8fef4223bcb4ccf1717c95",
                    "size": 15977
                }
            }
        },
        {
            "name": "net.sf.jopt-simple:jopt-simple:5.0.4",
            "downloads": {
                "artifact": {
                    "path": "net/sf/jopt-simple/jopt-simple/5.0.4/jopt-simple-5.0.4.jar",
                    "url": "https://files.minecraftforge.net/maven/net/sf/jopt-simple/jopt-simple/5.0.4/jopt-simple-5.0.4.jar",
                    "sha1": "4fdac2fbe92dfad86aa6e9301736f6b4342a3f5c",
                    "size": 78146
                }
            }
        },
        {
            "name": "org.spongepowered:mixin:0.8.2",
            "downloads": {
                "artifact": {
                    "path": "org/spongepowered/mixin/0.8.2/mixin-0.8.2.jar",
                    "url": "https://files.minecraftforge.net/maven/org/spongepowered/mixin/0.8.2/mixin-0.8.2.jar",
                    "sha1": "1cf212283d26f706fd3074318870bebd14d2a9ed",
                    "size": 935252
                }
            }
        }
    ]
}